{
    "entry_id": {
        "source_db_id": "80S_bin1_cryoDRGN-ET_clean_tomo_171",
        "source_db_name": "pdbe"
    },
    "geometric_segmentation": {
        "exists": true
    },
    "segmentation_lattices": {
        "channel_ids": {},
        "segmentation_lattice_ids": [],
        "segmentation_sampling_info": {},
        "time_info": {}
    },
    "segmentation_meshes": {
        "detail_lvl_to_fraction": {},
        "mesh_component_numbers": {}
    },
    "volumes": {
        "channel_ids": [
            0
        ],
        "time_info": {
            "end": 0,
            "kind": "range",
            "start": 0,
            "units": "millisecond"
        },
        "volume_sampling_info": {
            "boxes": {
                "1": {
                    "grid_dimensions": [
                        1024,
                        1024,
                        512
                    ],
                    "origin": [
                        0.0,
                        0.0,
                        0.0
                    ],
                    "voxel_size": [
                        7.84000015625,
                        7.84000015625,
                        7.84000015625
                    ]
                },
                "4": {
                    "grid_dimensions": [
                        256,
                        256,
                        128
                    ],
                    "origin": [
                        0.0,
                        0.0,
                        0.0
                    ],
                    "voxel_size": [
                        31.360000625,
                        31.360000625,
                        31.360000625
                    ]
                }
            },
            "descriptive_statistics": {
                "1": {
                    "0": {
                        "0": {
                            "max": 952.179,
                            "mean": 10.513779,
                            "min": -1444.4551,
                            "std": 21.11996
                        }
                    }
                },
                "4": {
                    "0": {
                        "0": {
                            "max": 104.05704,
                            "mean": 10.514328,
                            "min": -259.96655,
                            "std": 4.5941286
                        }
                    }
                }
            },
            "original_axis_order": [
                0,
                1,
                2
            ],
            "source_axes_units": {},
            "spatial_downsampling_levels": [
                1,
                4
            ],
            "time_transformations": []
        }
    }
}