{
    "entry_id": {
        "source_db_id": "EMPIAR-11756",
        "source_db_name": "pdbe"
    },
    "geometric_segmentation": {
        "exists": true
    },
    "segmentation_lattices": {
        "channel_ids": {},
        "segmentation_lattice_ids": [],
        "segmentation_sampling_info": {},
        "time_info": {}
    },
    "segmentation_meshes": {
        "detail_lvl_to_fraction": {},
        "mesh_component_numbers": {}
    },
    "volumes": {
        "channel_ids": [
            0
        ],
        "time_info": {
            "end": 0,
            "kind": "range",
            "start": 0,
            "units": "millisecond"
        },
        "volume_sampling_info": {
            "boxes": {
                "1": {
                    "grid_dimensions": [
                        1024,
                        1024,
                        512
                    ],
                    "origin": [
                        0.0,
                        0.0,
                        0.0
                    ],
                    "voxel_size": [
                        7.84000015625,
                        7.84000015625,
                        7.84000015625
                    ]
                },
                "4": {
                    "grid_dimensions": [
                        256,
                        256,
                        128
                    ],
                    "origin": [
                        0.0,
                        0.0,
                        0.0
                    ],
                    "voxel_size": [
                        31.360000625,
                        31.360000625,
                        31.360000625
                    ]
                }
            },
            "descriptive_statistics": {
                "1": {
                    "0": {
                        "0": {
                            "max": 657.84094,
                            "mean": 9.405399,
                            "min": -1333.1016,
                            "std": 33.789806
                        }
                    }
                },
                "4": {
                    "0": {
                        "0": {
                            "max": 84.11575,
                            "mean": 9.409209,
                            "min": -235.28824,
                            "std": 6.3687115
                        }
                    }
                }
            },
            "original_axis_order": [
                0,
                1,
                2
            ],
            "source_axes_units": {},
            "spatial_downsampling_levels": [
                1,
                4
            ],
            "time_transformations": []
        }
    }
}